"","customer_id","store_id","first_name","last_name","email","address_id","activebool","create_date","last_update","active"
"1",524,1,"Jared","Ely","jared.ely@sakilacustomer.org",530,TRUE,2006-02-14,2013-05-26 14:49:45,1
"2",1,1,"Mary","Smith","mary.smith@sakilacustomer.org",5,TRUE,2006-02-14,2013-05-26 14:49:45,1
"3",2,1,"Patricia","Johnson","patricia.johnson@sakilacustomer.org",6,TRUE,2006-02-14,2013-05-26 14:49:45,1
"4",3,1,"Linda","Williams","linda.williams@sakilacustomer.org",7,TRUE,2006-02-14,2013-05-26 14:49:45,1
"5",4,2,"Barbara","Jones","barbara.jones@sakilacustomer.org",8,TRUE,2006-02-14,2013-05-26 14:49:45,1
"6",5,1,"Elizabeth","Brown","elizabeth.brown@sakilacustomer.org",9,TRUE,2006-02-14,2013-05-26 14:49:45,1
"7",6,2,"Jennifer","Davis","jennifer.davis@sakilacustomer.org",10,TRUE,2006-02-14,2013-05-26 14:49:45,1
"8",7,1,"Maria","Miller","maria.miller@sakilacustomer.org",11,TRUE,2006-02-14,2013-05-26 14:49:45,1
"9",8,2,"Susan","Wilson","susan.wilson@sakilacustomer.org",12,TRUE,2006-02-14,2013-05-26 14:49:45,1
"10",9,2,"Margaret","Moore","margaret.moore@sakilacustomer.org",13,TRUE,2006-02-14,2013-05-26 14:49:45,1
"11",10,1,"Dorothy","Taylor","dorothy.taylor@sakilacustomer.org",14,TRUE,2006-02-14,2013-05-26 14:49:45,1
"12",11,2,"Lisa","Anderson","lisa.anderson@sakilacustomer.org",15,TRUE,2006-02-14,2013-05-26 14:49:45,1
"13",12,1,"Nancy","Thomas","nancy.thomas@sakilacustomer.org",16,TRUE,2006-02-14,2013-05-26 14:49:45,1
"14",13,2,"Karen","Jackson","karen.jackson@sakilacustomer.org",17,TRUE,2006-02-14,2013-05-26 14:49:45,1
"15",14,2,"Betty","White","betty.white@sakilacustomer.org",18,TRUE,2006-02-14,2013-05-26 14:49:45,1
"16",15,1,"Helen","Harris","helen.harris@sakilacustomer.org",19,TRUE,2006-02-14,2013-05-26 14:49:45,1
"17",16,2,"Sandra","Martin","sandra.martin@sakilacustomer.org",20,TRUE,2006-02-14,2013-05-26 14:49:45,0
"18",17,1,"Donna","Thompson","donna.thompson@sakilacustomer.org",21,TRUE,2006-02-14,2013-05-26 14:49:45,1
"19",18,2,"Carol","Garcia","carol.garcia@sakilacustomer.org",22,TRUE,2006-02-14,2013-05-26 14:49:45,1
"20",19,1,"Ruth","Martinez","ruth.martinez@sakilacustomer.org",23,TRUE,2006-02-14,2013-05-26 14:49:45,1
"21",20,2,"Sharon","Robinson","sharon.robinson@sakilacustomer.org",24,TRUE,2006-02-14,2013-05-26 14:49:45,1
"22",21,1,"Michelle","Clark","michelle.clark@sakilacustomer.org",25,TRUE,2006-02-14,2013-05-26 14:49:45,1
"23",22,1,"Laura","Rodriguez","laura.rodriguez@sakilacustomer.org",26,TRUE,2006-02-14,2013-05-26 14:49:45,1
"24",23,2,"Sarah","Lewis","sarah.lewis@sakilacustomer.org",27,TRUE,2006-02-14,2013-05-26 14:49:45,1
"25",24,2,"Kimberly","Lee","kimberly.lee@sakilacustomer.org",28,TRUE,2006-02-14,2013-05-26 14:49:45,1
"26",25,1,"Deborah","Walker","deborah.walker@sakilacustomer.org",29,TRUE,2006-02-14,2013-05-26 14:49:45,1
"27",26,2,"Jessica","Hall","jessica.hall@sakilacustomer.org",30,TRUE,2006-02-14,2013-05-26 14:49:45,1
"28",27,2,"Shirley","Allen","shirley.allen@sakilacustomer.org",31,TRUE,2006-02-14,2013-05-26 14:49:45,1
"29",28,1,"Cynthia","Young","cynthia.young@sakilacustomer.org",32,TRUE,2006-02-14,2013-05-26 14:49:45,1
"30",29,2,"Angela","Hernandez","angela.hernandez@sakilacustomer.org",33,TRUE,2006-02-14,2013-05-26 14:49:45,1
"31",30,1,"Melissa","King","melissa.king@sakilacustomer.org",34,TRUE,2006-02-14,2013-05-26 14:49:45,1
"32",31,2,"Brenda","Wright","brenda.wright@sakilacustomer.org",35,TRUE,2006-02-14,2013-05-26 14:49:45,1
"33",32,1,"Amy","Lopez","amy.lopez@sakilacustomer.org",36,TRUE,2006-02-14,2013-05-26 14:49:45,1
"34",33,2,"Anna","Hill","anna.hill@sakilacustomer.org",37,TRUE,2006-02-14,2013-05-26 14:49:45,1
"35",34,2,"Rebecca","Scott","rebecca.scott@sakilacustomer.org",38,TRUE,2006-02-14,2013-05-26 14:49:45,1
"36",35,2,"Virginia","Green","virginia.green@sakilacustomer.org",39,TRUE,2006-02-14,2013-05-26 14:49:45,1
"37",36,2,"Kathleen","Adams","kathleen.adams@sakilacustomer.org",40,TRUE,2006-02-14,2013-05-26 14:49:45,1
"38",37,1,"Pamela","Baker","pamela.baker@sakilacustomer.org",41,TRUE,2006-02-14,2013-05-26 14:49:45,1
"39",38,1,"Martha","Gonzalez","martha.gonzalez@sakilacustomer.org",42,TRUE,2006-02-14,2013-05-26 14:49:45,1
"40",39,1,"Debra","Nelson","debra.nelson@sakilacustomer.org",43,TRUE,2006-02-14,2013-05-26 14:49:45,1
"41",40,2,"Amanda","Carter","amanda.carter@sakilacustomer.org",44,TRUE,2006-02-14,2013-05-26 14:49:45,1
"42",41,1,"Stephanie","Mitchell","stephanie.mitchell@sakilacustomer.org",45,TRUE,2006-02-14,2013-05-26 14:49:45,1
"43",42,2,"Carolyn","Perez","carolyn.perez@sakilacustomer.org",46,TRUE,2006-02-14,2013-05-26 14:49:45,1
"44",43,2,"Christine","Roberts","christine.roberts@sakilacustomer.org",47,TRUE,2006-02-14,2013-05-26 14:49:45,1
"45",44,1,"Marie","Turner","marie.turner@sakilacustomer.org",48,TRUE,2006-02-14,2013-05-26 14:49:45,1
"46",45,1,"Janet","Phillips","janet.phillips@sakilacustomer.org",49,TRUE,2006-02-14,2013-05-26 14:49:45,1
"47",46,2,"Catherine","Campbell","catherine.campbell@sakilacustomer.org",50,TRUE,2006-02-14,2013-05-26 14:49:45,1
"48",47,1,"Frances","Parker","frances.parker@sakilacustomer.org",51,TRUE,2006-02-14,2013-05-26 14:49:45,1
"49",48,1,"Ann","Evans","ann.evans@sakilacustomer.org",52,TRUE,2006-02-14,2013-05-26 14:49:45,1
"50",49,2,"Joyce","Edwards","joyce.edwards@sakilacustomer.org",53,TRUE,2006-02-14,2013-05-26 14:49:45,1
"51",50,1,"Diane","Collins","diane.collins@sakilacustomer.org",54,TRUE,2006-02-14,2013-05-26 14:49:45,1
"52",51,1,"Alice","Stewart","alice.stewart@sakilacustomer.org",55,TRUE,2006-02-14,2013-05-26 14:49:45,1
"53",52,1,"Julie","Sanchez","julie.sanchez@sakilacustomer.org",56,TRUE,2006-02-14,2013-05-26 14:49:45,1
"54",53,1,"Heather","Morris","heather.morris@sakilacustomer.org",57,TRUE,2006-02-14,2013-05-26 14:49:45,1
"55",54,1,"Teresa","Rogers","teresa.rogers@sakilacustomer.org",58,TRUE,2006-02-14,2013-05-26 14:49:45,1
"56",55,2,"Doris","Reed","doris.reed@sakilacustomer.org",59,TRUE,2006-02-14,2013-05-26 14:49:45,1
"57",56,1,"Gloria","Cook","gloria.cook@sakilacustomer.org",60,TRUE,2006-02-14,2013-05-26 14:49:45,1
"58",57,2,"Evelyn","Morgan","evelyn.morgan@sakilacustomer.org",61,TRUE,2006-02-14,2013-05-26 14:49:45,1
"59",58,1,"Jean","Bell","jean.bell@sakilacustomer.org",62,TRUE,2006-02-14,2013-05-26 14:49:45,1
"60",59,1,"Cheryl","Murphy","cheryl.murphy@sakilacustomer.org",63,TRUE,2006-02-14,2013-05-26 14:49:45,1
"61",60,1,"Mildred","Bailey","mildred.bailey@sakilacustomer.org",64,TRUE,2006-02-14,2013-05-26 14:49:45,1
"62",61,2,"Katherine","Rivera","katherine.rivera@sakilacustomer.org",65,TRUE,2006-02-14,2013-05-26 14:49:45,1
"63",62,1,"Joan","Cooper","joan.cooper@sakilacustomer.org",66,TRUE,2006-02-14,2013-05-26 14:49:45,1
"64",63,1,"Ashley","Richardson","ashley.richardson@sakilacustomer.org",67,TRUE,2006-02-14,2013-05-26 14:49:45,1
"65",64,2,"Judith","Cox","judith.cox@sakilacustomer.org",68,TRUE,2006-02-14,2013-05-26 14:49:45,0
"66",65,2,"Rose","Howard","rose.howard@sakilacustomer.org",69,TRUE,2006-02-14,2013-05-26 14:49:45,1
"67",66,2,"Janice","Ward","janice.ward@sakilacustomer.org",70,TRUE,2006-02-14,2013-05-26 14:49:45,1
"68",67,1,"Kelly","Torres","kelly.torres@sakilacustomer.org",71,TRUE,2006-02-14,2013-05-26 14:49:45,1
"69",68,1,"Nicole","Peterson","nicole.peterson@sakilacustomer.org",72,TRUE,2006-02-14,2013-05-26 14:49:45,1
"70",69,2,"Judy","Gray","judy.gray@sakilacustomer.org",73,TRUE,2006-02-14,2013-05-26 14:49:45,1
"71",70,2,"Christina","Ramirez","christina.ramirez@sakilacustomer.org",74,TRUE,2006-02-14,2013-05-26 14:49:45,1
"72",71,1,"Kathy","James","kathy.james@sakilacustomer.org",75,TRUE,2006-02-14,2013-05-26 14:49:45,1
"73",72,2,"Theresa","Watson","theresa.watson@sakilacustomer.org",76,TRUE,2006-02-14,2013-05-26 14:49:45,1
"74",73,2,"Beverly","Brooks","beverly.brooks@sakilacustomer.org",77,TRUE,2006-02-14,2013-05-26 14:49:45,1
"75",74,1,"Denise","Kelly","denise.kelly@sakilacustomer.org",78,TRUE,2006-02-14,2013-05-26 14:49:45,1
"76",75,2,"Tammy","Sanders","tammy.sanders@sakilacustomer.org",79,TRUE,2006-02-14,2013-05-26 14:49:45,1
"77",76,2,"Irene","Price","irene.price@sakilacustomer.org",80,TRUE,2006-02-14,2013-05-26 14:49:45,1
"78",77,2,"Jane","Bennett","jane.bennett@sakilacustomer.org",81,TRUE,2006-02-14,2013-05-26 14:49:45,1
"79",78,1,"Lori","Wood","lori.wood@sakilacustomer.org",82,TRUE,2006-02-14,2013-05-26 14:49:45,1
"80",79,1,"Rachel","Barnes","rachel.barnes@sakilacustomer.org",83,TRUE,2006-02-14,2013-05-26 14:49:45,1
"81",80,1,"Marilyn","Ross","marilyn.ross@sakilacustomer.org",84,TRUE,2006-02-14,2013-05-26 14:49:45,1
"82",81,1,"Andrea","Henderson","andrea.henderson@sakilacustomer.org",85,TRUE,2006-02-14,2013-05-26 14:49:45,1
"83",82,1,"Kathryn","Coleman","kathryn.coleman@sakilacustomer.org",86,TRUE,2006-02-14,2013-05-26 14:49:45,1
"84",83,1,"Louise","Jenkins","louise.jenkins@sakilacustomer.org",87,TRUE,2006-02-14,2013-05-26 14:49:45,1
"85",84,2,"Sara","Perry","sara.perry@sakilacustomer.org",88,TRUE,2006-02-14,2013-05-26 14:49:45,1
"86",85,2,"Anne","Powell","anne.powell@sakilacustomer.org",89,TRUE,2006-02-14,2013-05-26 14:49:45,1
"87",86,2,"Jacqueline","Long","jacqueline.long@sakilacustomer.org",90,TRUE,2006-02-14,2013-05-26 14:49:45,1
"88",87,1,"Wanda","Patterson","wanda.patterson@sakilacustomer.org",91,TRUE,2006-02-14,2013-05-26 14:49:45,1
"89",88,2,"Bonnie","Hughes","bonnie.hughes@sakilacustomer.org",92,TRUE,2006-02-14,2013-05-26 14:49:45,1
"90",89,1,"Julia","Flores","julia.flores@sakilacustomer.org",93,TRUE,2006-02-14,2013-05-26 14:49:45,1
"91",90,2,"Ruby","Washington","ruby.washington@sakilacustomer.org",94,TRUE,2006-02-14,2013-05-26 14:49:45,1
"92",91,2,"Lois","Butler","lois.butler@sakilacustomer.org",95,TRUE,2006-02-14,2013-05-26 14:49:45,1
"93",92,2,"Tina","Simmons","tina.simmons@sakilacustomer.org",96,TRUE,2006-02-14,2013-05-26 14:49:45,1
"94",93,1,"Phyllis","Foster","phyllis.foster@sakilacustomer.org",97,TRUE,2006-02-14,2013-05-26 14:49:45,1
"95",94,1,"Norma","Gonzales","norma.gonzales@sakilacustomer.org",98,TRUE,2006-02-14,2013-05-26 14:49:45,1
"96",95,2,"Paula","Bryant","paula.bryant@sakilacustomer.org",99,TRUE,2006-02-14,2013-05-26 14:49:45,1
"97",96,1,"Diana","Alexander","diana.alexander@sakilacustomer.org",100,TRUE,2006-02-14,2013-05-26 14:49:45,1
"98",97,2,"Annie","Russell","annie.russell@sakilacustomer.org",101,TRUE,2006-02-14,2013-05-26 14:49:45,1
"99",98,1,"Lillian","Griffin","lillian.griffin@sakilacustomer.org",102,TRUE,2006-02-14,2013-05-26 14:49:45,1
"100",99,2,"Emily","Diaz","emily.diaz@sakilacustomer.org",103,TRUE,2006-02-14,2013-05-26 14:49:45,1
"101",100,1,"Robin","Hayes","robin.hayes@sakilacustomer.org",104,TRUE,2006-02-14,2013-05-26 14:49:45,1
"102",101,1,"Peggy","Myers","peggy.myers@sakilacustomer.org",105,TRUE,2006-02-14,2013-05-26 14:49:45,1
"103",102,1,"Crystal","Ford","crystal.ford@sakilacustomer.org",106,TRUE,2006-02-14,2013-05-26 14:49:45,1
"104",103,1,"Gladys","Hamilton","gladys.hamilton@sakilacustomer.org",107,TRUE,2006-02-14,2013-05-26 14:49:45,1
"105",104,1,"Rita","Graham","rita.graham@sakilacustomer.org",108,TRUE,2006-02-14,2013-05-26 14:49:45,1
"106",105,1,"Dawn","Sullivan","dawn.sullivan@sakilacustomer.org",109,TRUE,2006-02-14,2013-05-26 14:49:45,1
"107",106,1,"Connie","Wallace","connie.wallace@sakilacustomer.org",110,TRUE,2006-02-14,2013-05-26 14:49:45,1
"108",107,1,"Florence","Woods","florence.woods@sakilacustomer.org",111,TRUE,2006-02-14,2013-05-26 14:49:45,1
"109",108,1,"Tracy","Cole","tracy.cole@sakilacustomer.org",112,TRUE,2006-02-14,2013-05-26 14:49:45,1
"110",109,2,"Edna","West","edna.west@sakilacustomer.org",113,TRUE,2006-02-14,2013-05-26 14:49:45,1
"111",110,2,"Tiffany","Jordan","tiffany.jordan@sakilacustomer.org",114,TRUE,2006-02-14,2013-05-26 14:49:45,1
"112",111,1,"Carmen","Owens","carmen.owens@sakilacustomer.org",115,TRUE,2006-02-14,2013-05-26 14:49:45,1
"113",112,2,"Rosa","Reynolds","rosa.reynolds@sakilacustomer.org",116,TRUE,2006-02-14,2013-05-26 14:49:45,1
"114",113,2,"Cindy","Fisher","cindy.fisher@sakilacustomer.org",117,TRUE,2006-02-14,2013-05-26 14:49:45,1
"115",114,2,"Grace","Ellis","grace.ellis@sakilacustomer.org",118,TRUE,2006-02-14,2013-05-26 14:49:45,1
"116",115,1,"Wendy","Harrison","wendy.harrison@sakilacustomer.org",119,TRUE,2006-02-14,2013-05-26 14:49:45,1
"117",116,1,"Victoria","Gibson","victoria.gibson@sakilacustomer.org",120,TRUE,2006-02-14,2013-05-26 14:49:45,1
"118",117,1,"Edith","Mcdonald","edith.mcdonald@sakilacustomer.org",121,TRUE,2006-02-14,2013-05-26 14:49:45,1
"119",118,1,"Kim","Cruz","kim.cruz@sakilacustomer.org",122,TRUE,2006-02-14,2013-05-26 14:49:45,1
"120",119,1,"Sherry","Marshall","sherry.marshall@sakilacustomer.org",123,TRUE,2006-02-14,2013-05-26 14:49:45,1
"121",120,2,"Sylvia","Ortiz","sylvia.ortiz@sakilacustomer.org",124,TRUE,2006-02-14,2013-05-26 14:49:45,1
"122",121,1,"Josephine","Gomez","josephine.gomez@sakilacustomer.org",125,TRUE,2006-02-14,2013-05-26 14:49:45,1
"123",122,1,"Thelma","Murray","thelma.murray@sakilacustomer.org",126,TRUE,2006-02-14,2013-05-26 14:49:45,1
"124",123,2,"Shannon","Freeman","shannon.freeman@sakilacustomer.org",127,TRUE,2006-02-14,2013-05-26 14:49:45,1
"125",124,1,"Sheila","Wells","sheila.wells@sakilacustomer.org",128,TRUE,2006-02-14,2013-05-26 14:49:45,0
"126",125,1,"Ethel","Webb","ethel.webb@sakilacustomer.org",129,TRUE,2006-02-14,2013-05-26 14:49:45,1
"127",126,1,"Ellen","Simpson","ellen.simpson@sakilacustomer.org",130,TRUE,2006-02-14,2013-05-26 14:49:45,1
"128",127,2,"Elaine","Stevens","elaine.stevens@sakilacustomer.org",131,TRUE,2006-02-14,2013-05-26 14:49:45,1
"129",128,1,"Marjorie","Tucker","marjorie.tucker@sakilacustomer.org",132,TRUE,2006-02-14,2013-05-26 14:49:45,1
"130",129,1,"Carrie","Porter","carrie.porter@sakilacustomer.org",133,TRUE,2006-02-14,2013-05-26 14:49:45,1
"131",130,1,"Charlotte","Hunter","charlotte.hunter@sakilacustomer.org",134,TRUE,2006-02-14,2013-05-26 14:49:45,1
"132",131,2,"Monica","Hicks","monica.hicks@sakilacustomer.org",135,TRUE,2006-02-14,2013-05-26 14:49:45,1
"133",132,2,"Esther","Crawford","esther.crawford@sakilacustomer.org",136,TRUE,2006-02-14,2013-05-26 14:49:45,1
"134",133,1,"Pauline","Henry","pauline.henry@sakilacustomer.org",137,TRUE,2006-02-14,2013-05-26 14:49:45,1
"135",134,1,"Emma","Boyd","emma.boyd@sakilacustomer.org",138,TRUE,2006-02-14,2013-05-26 14:49:45,1
"136",135,2,"Juanita","Mason","juanita.mason@sakilacustomer.org",139,TRUE,2006-02-14,2013-05-26 14:49:45,1
"137",136,2,"Anita","Morales","anita.morales@sakilacustomer.org",140,TRUE,2006-02-14,2013-05-26 14:49:45,1
"138",137,2,"Rhonda","Kennedy","rhonda.kennedy@sakilacustomer.org",141,TRUE,2006-02-14,2013-05-26 14:49:45,1
"139",138,1,"Hazel","Warren","hazel.warren@sakilacustomer.org",142,TRUE,2006-02-14,2013-05-26 14:49:45,1
"140",139,1,"Amber","Dixon","amber.dixon@sakilacustomer.org",143,TRUE,2006-02-14,2013-05-26 14:49:45,1
"141",140,1,"Eva","Ramos","eva.ramos@sakilacustomer.org",144,TRUE,2006-02-14,2013-05-26 14:49:45,1
"142",141,1,"Debbie","Reyes","debbie.reyes@sakilacustomer.org",145,TRUE,2006-02-14,2013-05-26 14:49:45,1
"143",142,1,"April","Burns","april.burns@sakilacustomer.org",146,TRUE,2006-02-14,2013-05-26 14:49:45,1
"144",143,1,"Leslie","Gordon","leslie.gordon@sakilacustomer.org",147,TRUE,2006-02-14,2013-05-26 14:49:45,1
"145",144,1,"Clara","Shaw","clara.shaw@sakilacustomer.org",148,TRUE,2006-02-14,2013-05-26 14:49:45,1
"146",145,1,"Lucille","Holmes","lucille.holmes@sakilacustomer.org",149,TRUE,2006-02-14,2013-05-26 14:49:45,1
"147",146,1,"Jamie","Rice","jamie.rice@sakilacustomer.org",150,TRUE,2006-02-14,2013-05-26 14:49:45,1
"148",147,2,"Joanne","Robertson","joanne.robertson@sakilacustomer.org",151,TRUE,2006-02-14,2013-05-26 14:49:45,1
"149",148,1,"Eleanor","Hunt","eleanor.hunt@sakilacustomer.org",152,TRUE,2006-02-14,2013-05-26 14:49:45,1
"150",149,1,"Valerie","Black","valerie.black@sakilacustomer.org",153,TRUE,2006-02-14,2013-05-26 14:49:45,1
"151",150,2,"Danielle","Daniels","danielle.daniels@sakilacustomer.org",154,TRUE,2006-02-14,2013-05-26 14:49:45,1
"152",151,2,"Megan","Palmer","megan.palmer@sakilacustomer.org",155,TRUE,2006-02-14,2013-05-26 14:49:45,1
"153",152,1,"Alicia","Mills","alicia.mills@sakilacustomer.org",156,TRUE,2006-02-14,2013-05-26 14:49:45,1
"154",153,2,"Suzanne","Nichols","suzanne.nichols@sakilacustomer.org",157,TRUE,2006-02-14,2013-05-26 14:49:45,1
"155",154,2,"Michele","Grant","michele.grant@sakilacustomer.org",158,TRUE,2006-02-14,2013-05-26 14:49:45,1
"156",155,1,"Gail","Knight","gail.knight@sakilacustomer.org",159,TRUE,2006-02-14,2013-05-26 14:49:45,1
"157",156,1,"Bertha","Ferguson","bertha.ferguson@sakilacustomer.org",160,TRUE,2006-02-14,2013-05-26 14:49:45,1
"158",157,2,"Darlene","Rose","darlene.rose@sakilacustomer.org",161,TRUE,2006-02-14,2013-05-26 14:49:45,1
"159",158,1,"Veronica","Stone","veronica.stone@sakilacustomer.org",162,TRUE,2006-02-14,2013-05-26 14:49:45,1
"160",159,1,"Jill","Hawkins","jill.hawkins@sakilacustomer.org",163,TRUE,2006-02-14,2013-05-26 14:49:45,1
"161",160,2,"Erin","Dunn","erin.dunn@sakilacustomer.org",164,TRUE,2006-02-14,2013-05-26 14:49:45,1
"162",161,1,"Geraldine","Perkins","geraldine.perkins@sakilacustomer.org",165,TRUE,2006-02-14,2013-05-26 14:49:45,1
"163",162,2,"Lauren","Hudson","lauren.hudson@sakilacustomer.org",166,TRUE,2006-02-14,2013-05-26 14:49:45,1
"164",163,1,"Cathy","Spencer","cathy.spencer@sakilacustomer.org",167,TRUE,2006-02-14,2013-05-26 14:49:45,1
"165",164,2,"Joann","Gardner","joann.gardner@sakilacustomer.org",168,TRUE,2006-02-14,2013-05-26 14:49:45,1
"166",165,2,"Lorraine","Stephens","lorraine.stephens@sakilacustomer.org",169,TRUE,2006-02-14,2013-05-26 14:49:45,1
"167",166,1,"Lynn","Payne","lynn.payne@sakilacustomer.org",170,TRUE,2006-02-14,2013-05-26 14:49:45,1
"168",167,2,"Sally","Pierce","sally.pierce@sakilacustomer.org",171,TRUE,2006-02-14,2013-05-26 14:49:45,1
"169",168,1,"Regina","Berry","regina.berry@sakilacustomer.org",172,TRUE,2006-02-14,2013-05-26 14:49:45,1
"170",169,2,"Erica","Matthews","erica.matthews@sakilacustomer.org",173,TRUE,2006-02-14,2013-05-26 14:49:45,0
"171",170,1,"Beatrice","Arnold","beatrice.arnold@sakilacustomer.org",174,TRUE,2006-02-14,2013-05-26 14:49:45,1
"172",171,2,"Dolores","Wagner","dolores.wagner@sakilacustomer.org",175,TRUE,2006-02-14,2013-05-26 14:49:45,1
"173",172,1,"Bernice","Willis","bernice.willis@sakilacustomer.org",176,TRUE,2006-02-14,2013-05-26 14:49:45,1
"174",173,1,"Audrey","Ray","audrey.ray@sakilacustomer.org",177,TRUE,2006-02-14,2013-05-26 14:49:45,1
"175",174,2,"Yvonne","Watkins","yvonne.watkins@sakilacustomer.org",178,TRUE,2006-02-14,2013-05-26 14:49:45,1
"176",175,1,"Annette","Olson","annette.olson@sakilacustomer.org",179,TRUE,2006-02-14,2013-05-26 14:49:45,1
"177",176,1,"June","Carroll","june.carroll@sakilacustomer.org",180,TRUE,2006-02-14,2013-05-26 14:49:45,1
"178",177,2,"Samantha","Duncan","samantha.duncan@sakilacustomer.org",181,TRUE,2006-02-14,2013-05-26 14:49:45,1
"179",178,2,"Marion","Snyder","marion.snyder@sakilacustomer.org",182,TRUE,2006-02-14,2013-05-26 14:49:45,1
"180",179,1,"Dana","Hart","dana.hart@sakilacustomer.org",183,TRUE,2006-02-14,2013-05-26 14:49:45,1
"181",180,2,"Stacy","Cunningham","stacy.cunningham@sakilacustomer.org",184,TRUE,2006-02-14,2013-05-26 14:49:45,1
"182",181,2,"Ana","Bradley","ana.bradley@sakilacustomer.org",185,TRUE,2006-02-14,2013-05-26 14:49:45,1
"183",182,1,"Renee","Lane","renee.lane@sakilacustomer.org",186,TRUE,2006-02-14,2013-05-26 14:49:45,1
"184",183,2,"Ida","Andrews","ida.andrews@sakilacustomer.org",187,TRUE,2006-02-14,2013-05-26 14:49:45,1
"185",184,1,"Vivian","Ruiz","vivian.ruiz@sakilacustomer.org",188,TRUE,2006-02-14,2013-05-26 14:49:45,1
"186",185,1,"Roberta","Harper","roberta.harper@sakilacustomer.org",189,TRUE,2006-02-14,2013-05-26 14:49:45,1
"187",186,2,"Holly","Fox","holly.fox@sakilacustomer.org",190,TRUE,2006-02-14,2013-05-26 14:49:45,1
"188",187,2,"Brittany","Riley","brittany.riley@sakilacustomer.org",191,TRUE,2006-02-14,2013-05-26 14:49:45,1
"189",188,1,"Melanie","Armstrong","melanie.armstrong@sakilacustomer.org",192,TRUE,2006-02-14,2013-05-26 14:49:45,1
"190",189,1,"Loretta","Carpenter","loretta.carpenter@sakilacustomer.org",193,TRUE,2006-02-14,2013-05-26 14:49:45,1
"191",190,2,"Yolanda","Weaver","yolanda.weaver@sakilacustomer.org",194,TRUE,2006-02-14,2013-05-26 14:49:45,1
"192",191,1,"Jeanette","Greene","jeanette.greene@sakilacustomer.org",195,TRUE,2006-02-14,2013-05-26 14:49:45,1
"193",192,1,"Laurie","Lawrence","laurie.lawrence@sakilacustomer.org",196,TRUE,2006-02-14,2013-05-26 14:49:45,1
"194",193,2,"Katie","Elliott","katie.elliott@sakilacustomer.org",197,TRUE,2006-02-14,2013-05-26 14:49:45,1
"195",194,2,"Kristen","Chavez","kristen.chavez@sakilacustomer.org",198,TRUE,2006-02-14,2013-05-26 14:49:45,1
"196",195,1,"Vanessa","Sims","vanessa.sims@sakilacustomer.org",199,TRUE,2006-02-14,2013-05-26 14:49:45,1
"197",196,1,"Alma","Austin","alma.austin@sakilacustomer.org",200,TRUE,2006-02-14,2013-05-26 14:49:45,1
"198",197,2,"Sue","Peters","sue.peters@sakilacustomer.org",201,TRUE,2006-02-14,2013-05-26 14:49:45,1
"199",198,2,"Elsie","Kelley","elsie.kelley@sakilacustomer.org",202,TRUE,2006-02-14,2013-05-26 14:49:45,1
"200",199,2,"Beth","Franklin","beth.franklin@sakilacustomer.org",203,TRUE,2006-02-14,2013-05-26 14:49:45,1
"201",200,2,"Jeanne","Lawson","jeanne.lawson@sakilacustomer.org",204,TRUE,2006-02-14,2013-05-26 14:49:45,1
"202",201,1,"Vicki","Fields","vicki.fields@sakilacustomer.org",205,TRUE,2006-02-14,2013-05-26 14:49:45,1
"203",202,2,"Carla","Gutierrez","carla.gutierrez@sakilacustomer.org",206,TRUE,2006-02-14,2013-05-26 14:49:45,1
"204",203,1,"Tara","Ryan","tara.ryan@sakilacustomer.org",207,TRUE,2006-02-14,2013-05-26 14:49:45,1
"205",204,1,"Rosemary","Schmidt","rosemary.schmidt@sakilacustomer.org",208,TRUE,2006-02-14,2013-05-26 14:49:45,1
"206",205,2,"Eileen","Carr","eileen.carr@sakilacustomer.org",209,TRUE,2006-02-14,2013-05-26 14:49:45,1
"207",206,1,"Terri","Vasquez","terri.vasquez@sakilacustomer.org",210,TRUE,2006-02-14,2013-05-26 14:49:45,1
"208",207,1,"Gertrude","Castillo","gertrude.castillo@sakilacustomer.org",211,TRUE,2006-02-14,2013-05-26 14:49:45,1
"209",208,1,"Lucy","Wheeler","lucy.wheeler@sakilacustomer.org",212,TRUE,2006-02-14,2013-05-26 14:49:45,1
"210",209,2,"Tonya","Chapman","tonya.chapman@sakilacustomer.org",213,TRUE,2006-02-14,2013-05-26 14:49:45,1
"211",210,2,"Ella","Oliver","ella.oliver@sakilacustomer.org",214,TRUE,2006-02-14,2013-05-26 14:49:45,1
"212",211,1,"Stacey","Montgomery","stacey.montgomery@sakilacustomer.org",215,TRUE,2006-02-14,2013-05-26 14:49:45,1
"213",212,2,"Wilma","Richards","wilma.richards@sakilacustomer.org",216,TRUE,2006-02-14,2013-05-26 14:49:45,1
"214",213,1,"Gina","Williamson","gina.williamson@sakilacustomer.org",217,TRUE,2006-02-14,2013-05-26 14:49:45,1
"215",214,1,"Kristin","Johnston","kristin.johnston@sakilacustomer.org",218,TRUE,2006-02-14,2013-05-26 14:49:45,1
"216",215,2,"Jessie","Banks","jessie.banks@sakilacustomer.org",219,TRUE,2006-02-14,2013-05-26 14:49:45,1
"217",216,1,"Natalie","Meyer","natalie.meyer@sakilacustomer.org",220,TRUE,2006-02-14,2013-05-26 14:49:45,1
"218",217,2,"Agnes","Bishop","agnes.bishop@sakilacustomer.org",221,TRUE,2006-02-14,2013-05-26 14:49:45,1
"219",218,1,"Vera","Mccoy","vera.mccoy@sakilacustomer.org",222,TRUE,2006-02-14,2013-05-26 14:49:45,1
"220",219,2,"Willie","Howell","willie.howell@sakilacustomer.org",223,TRUE,2006-02-14,2013-05-26 14:49:45,1
"221",220,2,"Charlene","Alvarez","charlene.alvarez@sakilacustomer.org",224,TRUE,2006-02-14,2013-05-26 14:49:45,1
"222",221,1,"Bessie","Morrison","bessie.morrison@sakilacustomer.org",225,TRUE,2006-02-14,2013-05-26 14:49:45,1
"223",222,2,"Delores","Hansen","delores.hansen@sakilacustomer.org",226,TRUE,2006-02-14,2013-05-26 14:49:45,1
"224",223,1,"Melinda","Fernandez","melinda.fernandez@sakilacustomer.org",227,TRUE,2006-02-14,2013-05-26 14:49:45,1
"225",224,2,"Pearl","Garza","pearl.garza@sakilacustomer.org",228,TRUE,2006-02-14,2013-05-26 14:49:45,1
"226",225,1,"Arlene","Harvey","arlene.harvey@sakilacustomer.org",229,TRUE,2006-02-14,2013-05-26 14:49:45,1
"227",226,2,"Maureen","Little","maureen.little@sakilacustomer.org",230,TRUE,2006-02-14,2013-05-26 14:49:45,1
"228",227,1,"Colleen","Burton","colleen.burton@sakilacustomer.org",231,TRUE,2006-02-14,2013-05-26 14:49:45,1
"229",228,2,"Allison","Stanley","allison.stanley@sakilacustomer.org",232,TRUE,2006-02-14,2013-05-26 14:49:45,1
"230",229,1,"Tamara","Nguyen","tamara.nguyen@sakilacustomer.org",233,TRUE,2006-02-14,2013-05-26 14:49:45,1
"231",230,2,"Joy","George","joy.george@sakilacustomer.org",234,TRUE,2006-02-14,2013-05-26 14:49:45,1
"232",231,1,"Georgia","Jacobs","georgia.jacobs@sakilacustomer.org",235,TRUE,2006-02-14,2013-05-26 14:49:45,1
"233",232,2,"Constance","Reid","constance.reid@sakilacustomer.org",236,TRUE,2006-02-14,2013-05-26 14:49:45,1
"234",233,2,"Lillie","Kim","lillie.kim@sakilacustomer.org",237,TRUE,2006-02-14,2013-05-26 14:49:45,1
"235",234,1,"Claudia","Fuller","claudia.fuller@sakilacustomer.org",238,TRUE,2006-02-14,2013-05-26 14:49:45,1
"236",235,1,"Jackie","Lynch","jackie.lynch@sakilacustomer.org",239,TRUE,2006-02-14,2013-05-26 14:49:45,1
"237",236,1,"Marcia","Dean","marcia.dean@sakilacustomer.org",240,TRUE,2006-02-14,2013-05-26 14:49:45,1
"238",237,1,"Tanya","Gilbert","tanya.gilbert@sakilacustomer.org",241,TRUE,2006-02-14,2013-05-26 14:49:45,1
"239",238,1,"Nellie","Garrett","nellie.garrett@sakilacustomer.org",242,TRUE,2006-02-14,2013-05-26 14:49:45,1
"240",239,2,"Minnie","Romero","minnie.romero@sakilacustomer.org",243,TRUE,2006-02-14,2013-05-26 14:49:45,1
"241",240,1,"Marlene","Welch","marlene.welch@sakilacustomer.org",244,TRUE,2006-02-14,2013-05-26 14:49:45,1
"242",241,2,"Heidi","Larson","heidi.larson@sakilacustomer.org",245,TRUE,2006-02-14,2013-05-26 14:49:45,0
"243",242,1,"Glenda","Frazier","glenda.frazier@sakilacustomer.org",246,TRUE,2006-02-14,2013-05-26 14:49:45,1
"244",243,1,"Lydia","Burke","lydia.burke@sakilacustomer.org",247,TRUE,2006-02-14,2013-05-26 14:49:45,1
"245",244,2,"Viola","Hanson","viola.hanson@sakilacustomer.org",248,TRUE,2006-02-14,2013-05-26 14:49:45,1
"246",245,1,"Courtney","Day","courtney.day@sakilacustomer.org",249,TRUE,2006-02-14,2013-05-26 14:49:45,1
"247",246,1,"Marian","Mendoza","marian.mendoza@sakilacustomer.org",250,TRUE,2006-02-14,2013-05-26 14:49:45,1
"248",247,1,"Stella","Moreno","stella.moreno@sakilacustomer.org",251,TRUE,2006-02-14,2013-05-26 14:49:45,1
"249",248,1,"Caroline","Bowman","caroline.bowman@sakilacustomer.org",252,TRUE,2006-02-14,2013-05-26 14:49:45,1
"250",249,2,"Dora","Medina","dora.medina@sakilacustomer.org",253,TRUE,2006-02-14,2013-05-26 14:49:45,1
"251",250,2,"Jo","Fowler","jo.fowler@sakilacustomer.org",254,TRUE,2006-02-14,2013-05-26 14:49:45,1
"252",251,2,"Vickie","Brewer","vickie.brewer@sakilacustomer.org",255,TRUE,2006-02-14,2013-05-26 14:49:45,1
"253",252,2,"Mattie","Hoffman","mattie.hoffman@sakilacustomer.org",256,TRUE,2006-02-14,2013-05-26 14:49:45,1
"254",253,1,"Terry","Carlson","terry.carlson@sakilacustomer.org",258,TRUE,2006-02-14,2013-05-26 14:49:45,1
"255",254,2,"Maxine","Silva","maxine.silva@sakilacustomer.org",259,TRUE,2006-02-14,2013-05-26 14:49:45,1
"256",255,2,"Irma","Pearson","irma.pearson@sakilacustomer.org",260,TRUE,2006-02-14,2013-05-26 14:49:45,1
"257",256,2,"Mabel","Holland","mabel.holland@sakilacustomer.org",261,TRUE,2006-02-14,2013-05-26 14:49:45,1
"258",257,2,"Marsha","Douglas","marsha.douglas@sakilacustomer.org",262,TRUE,2006-02-14,2013-05-26 14:49:45,1
"259",258,1,"Myrtle","Fleming","myrtle.fleming@sakilacustomer.org",263,TRUE,2006-02-14,2013-05-26 14:49:45,1
"260",259,2,"Lena","Jensen","lena.jensen@sakilacustomer.org",264,TRUE,2006-02-14,2013-05-26 14:49:45,1
"261",260,1,"Christy","Vargas","christy.vargas@sakilacustomer.org",265,TRUE,2006-02-14,2013-05-26 14:49:45,1
"262",261,1,"Deanna","Byrd","deanna.byrd@sakilacustomer.org",266,TRUE,2006-02-14,2013-05-26 14:49:45,1
"263",262,2,"Patsy","Davidson","patsy.davidson@sakilacustomer.org",267,TRUE,2006-02-14,2013-05-26 14:49:45,1
"264",263,1,"Hilda","Hopkins","hilda.hopkins@sakilacustomer.org",268,TRUE,2006-02-14,2013-05-26 14:49:45,1
"265",264,1,"Gwendolyn","May","gwendolyn.may@sakilacustomer.org",269,TRUE,2006-02-14,2013-05-26 14:49:45,1
"266",265,2,"Jennie","Terry","jennie.terry@sakilacustomer.org",270,TRUE,2006-02-14,2013-05-26 14:49:45,1
"267",266,2,"Nora","Herrera","nora.herrera@sakilacustomer.org",271,TRUE,2006-02-14,2013-05-26 14:49:45,1
"268",267,1,"Margie","Wade","margie.wade@sakilacustomer.org",272,TRUE,2006-02-14,2013-05-26 14:49:45,1
"269",268,1,"Nina","Soto","nina.soto@sakilacustomer.org",273,TRUE,2006-02-14,2013-05-26 14:49:45,1
"270",269,1,"Cassandra","Walters","cassandra.walters@sakilacustomer.org",274,TRUE,2006-02-14,2013-05-26 14:49:45,1
"271",270,1,"Leah","Curtis","leah.curtis@sakilacustomer.org",275,TRUE,2006-02-14,2013-05-26 14:49:45,1
"272",271,1,"Penny","Neal","penny.neal@sakilacustomer.org",276,TRUE,2006-02-14,2013-05-26 14:49:45,0
"273",272,1,"Kay","Caldwell","kay.caldwell@sakilacustomer.org",277,TRUE,2006-02-14,2013-05-26 14:49:45,1
"274",273,2,"Priscilla","Lowe","priscilla.lowe@sakilacustomer.org",278,TRUE,2006-02-14,2013-05-26 14:49:45,1
"275",274,1,"Naomi","Jennings","naomi.jennings@sakilacustomer.org",279,TRUE,2006-02-14,2013-05-26 14:49:45,1
"276",275,2,"Carole","Barnett","carole.barnett@sakilacustomer.org",280,TRUE,2006-02-14,2013-05-26 14:49:45,1
"277",276,1,"Brandy","Graves","brandy.graves@sakilacustomer.org",281,TRUE,2006-02-14,2013-05-26 14:49:45,1
"278",277,2,"Olga","Jimenez","olga.jimenez@sakilacustomer.org",282,TRUE,2006-02-14,2013-05-26 14:49:45,1
"279",278,2,"Billie","Horton","billie.horton@sakilacustomer.org",283,TRUE,2006-02-14,2013-05-26 14:49:45,1
"280",279,2,"Dianne","Shelton","dianne.shelton@sakilacustomer.org",284,TRUE,2006-02-14,2013-05-26 14:49:45,1
"281",280,2,"Tracey","Barrett","tracey.barrett@sakilacustomer.org",285,TRUE,2006-02-14,2013-05-26 14:49:45,1
"282",281,2,"Leona","Obrien","leona.obrien@sakilacustomer.org",286,TRUE,2006-02-14,2013-05-26 14:49:45,1
"283",282,2,"Jenny","Castro","jenny.castro@sakilacustomer.org",287,TRUE,2006-02-14,2013-05-26 14:49:45,1
"284",283,1,"Felicia","Sutton","felicia.sutton@sakilacustomer.org",288,TRUE,2006-02-14,2013-05-26 14:49:45,1
"285",284,1,"Sonia","Gregory","sonia.gregory@sakilacustomer.org",289,TRUE,2006-02-14,2013-05-26 14:49:45,1
"286",285,1,"Miriam","Mckinney","miriam.mckinney@sakilacustomer.org",290,TRUE,2006-02-14,2013-05-26 14:49:45,1
"287",286,1,"Velma","Lucas","velma.lucas@sakilacustomer.org",291,TRUE,2006-02-14,2013-05-26 14:49:45,1
"288",287,2,"Becky","Miles","becky.miles@sakilacustomer.org",292,TRUE,2006-02-14,2013-05-26 14:49:45,1
"289",288,1,"Bobbie","Craig","bobbie.craig@sakilacustomer.org",293,TRUE,2006-02-14,2013-05-26 14:49:45,1
"290",289,1,"Violet","Rodriquez","violet.rodriquez@sakilacustomer.org",294,TRUE,2006-02-14,2013-05-26 14:49:45,1
"291",290,1,"Kristina","Chambers","kristina.chambers@sakilacustomer.org",295,TRUE,2006-02-14,2013-05-26 14:49:45,1
"292",291,1,"Toni","Holt","toni.holt@sakilacustomer.org",296,TRUE,2006-02-14,2013-05-26 14:49:45,1
"293",292,2,"Misty","Lambert","misty.lambert@sakilacustomer.org",297,TRUE,2006-02-14,2013-05-26 14:49:45,1
"294",293,2,"Mae","Fletcher","mae.fletcher@sakilacustomer.org",298,TRUE,2006-02-14,2013-05-26 14:49:45,1
"295",294,2,"Shelly","Watts","shelly.watts@sakilacustomer.org",299,TRUE,2006-02-14,2013-05-26 14:49:45,1
"296",295,1,"Daisy","Bates","daisy.bates@sakilacustomer.org",300,TRUE,2006-02-14,2013-05-26 14:49:45,1
"297",296,2,"Ramona","Hale","ramona.hale@sakilacustomer.org",301,TRUE,2006-02-14,2013-05-26 14:49:45,1
"298",297,1,"Sherri","Rhodes","sherri.rhodes@sakilacustomer.org",302,TRUE,2006-02-14,2013-05-26 14:49:45,1
"299",298,1,"Erika","Pena","erika.pena@sakilacustomer.org",303,TRUE,2006-02-14,2013-05-26 14:49:45,1
"300",299,2,"James","Gannon","james.gannon@sakilacustomer.org",304,TRUE,2006-02-14,2013-05-26 14:49:45,1
"301",300,1,"John","Farnsworth","john.farnsworth@sakilacustomer.org",305,TRUE,2006-02-14,2013-05-26 14:49:45,1
"302",301,2,"Robert","Baughman","robert.baughman@sakilacustomer.org",306,TRUE,2006-02-14,2013-05-26 14:49:45,1
"303",302,1,"Michael","Silverman","michael.silverman@sakilacustomer.org",307,TRUE,2006-02-14,2013-05-26 14:49:45,1
"304",303,2,"William","Satterfield","william.satterfield@sakilacustomer.org",308,TRUE,2006-02-14,2013-05-26 14:49:45,1
"305",304,2,"David","Royal","david.royal@sakilacustomer.org",309,TRUE,2006-02-14,2013-05-26 14:49:45,1
"306",305,1,"Richard","Mccrary","richard.mccrary@sakilacustomer.org",310,TRUE,2006-02-14,2013-05-26 14:49:45,1
"307",306,1,"Charles","Kowalski","charles.kowalski@sakilacustomer.org",311,TRUE,2006-02-14,2013-05-26 14:49:45,1
"308",307,2,"Joseph","Joy","joseph.joy@sakilacustomer.org",312,TRUE,2006-02-14,2013-05-26 14:49:45,1
"309",308,1,"Thomas","Grigsby","thomas.grigsby@sakilacustomer.org",313,TRUE,2006-02-14,2013-05-26 14:49:45,1
"310",309,1,"Christopher","Greco","christopher.greco@sakilacustomer.org",314,TRUE,2006-02-14,2013-05-26 14:49:45,1
"311",310,2,"Daniel","Cabral","daniel.cabral@sakilacustomer.org",315,TRUE,2006-02-14,2013-05-26 14:49:45,1
"312",311,2,"Paul","Trout","paul.trout@sakilacustomer.org",316,TRUE,2006-02-14,2013-05-26 14:49:45,1
"313",312,2,"Mark","Rinehart","mark.rinehart@sakilacustomer.org",317,TRUE,2006-02-14,2013-05-26 14:49:45,1
"314",313,2,"Donald","Mahon","donald.mahon@sakilacustomer.org",318,TRUE,2006-02-14,2013-05-26 14:49:45,1
"315",314,1,"George","Linton","george.linton@sakilacustomer.org",319,TRUE,2006-02-14,2013-05-26 14:49:45,1
"316",315,2,"Kenneth","Gooden","kenneth.gooden@sakilacustomer.org",320,TRUE,2006-02-14,2013-05-26 14:49:45,0
"317",316,1,"Steven","Curley","steven.curley@sakilacustomer.org",321,TRUE,2006-02-14,2013-05-26 14:49:45,1
"318",317,2,"Edward","Baugh","edward.baugh@sakilacustomer.org",322,TRUE,2006-02-14,2013-05-26 14:49:45,1
"319",318,1,"Brian","Wyman","brian.wyman@sakilacustomer.org",323,TRUE,2006-02-14,2013-05-26 14:49:45,1
"320",319,2,"Ronald","Weiner","ronald.weiner@sakilacustomer.org",324,TRUE,2006-02-14,2013-05-26 14:49:45,1
"321",320,2,"Anthony","Schwab","anthony.schwab@sakilacustomer.org",325,TRUE,2006-02-14,2013-05-26 14:49:45,1
"322",321,1,"Kevin","Schuler","kevin.schuler@sakilacustomer.org",326,TRUE,2006-02-14,2013-05-26 14:49:45,1
"323",322,1,"Jason","Morrissey","jason.morrissey@sakilacustomer.org",327,TRUE,2006-02-14,2013-05-26 14:49:45,1
"324",323,2,"Matthew","Mahan","matthew.mahan@sakilacustomer.org",328,TRUE,2006-02-14,2013-05-26 14:49:45,1
"325",324,2,"Gary","Coy","gary.coy@sakilacustomer.org",329,TRUE,2006-02-14,2013-05-26 14:49:45,1
"326",325,1,"Timothy","Bunn","timothy.bunn@sakilacustomer.org",330,TRUE,2006-02-14,2013-05-26 14:49:45,1
"327",326,1,"Jose","Andrew","jose.andrew@sakilacustomer.org",331,TRUE,2006-02-14,2013-05-26 14:49:45,1
"328",327,2,"Larry","Thrasher","larry.thrasher@sakilacustomer.org",332,TRUE,2006-02-14,2013-05-26 14:49:45,1
"329",328,2,"Jeffrey","Spear","jeffrey.spear@sakilacustomer.org",333,TRUE,2006-02-14,2013-05-26 14:49:45,1
"330",329,2,"Frank","Waggoner","frank.waggoner@sakilacustomer.org",334,TRUE,2006-02-14,2013-05-26 14:49:45,1
"331",330,1,"Scott","Shelley","scott.shelley@sakilacustomer.org",335,TRUE,2006-02-14,2013-05-26 14:49:45,1
"332",331,1,"Eric","Robert","eric.robert@sakilacustomer.org",336,TRUE,2006-02-14,2013-05-26 14:49:45,1
"333",332,1,"Stephen","Qualls","stephen.qualls@sakilacustomer.org",337,TRUE,2006-02-14,2013-05-26 14:49:45,1
"334",333,2,"Andrew","Purdy","andrew.purdy@sakilacustomer.org",338,TRUE,2006-02-14,2013-05-26 14:49:45,1
"335",334,2,"Raymond","Mcwhorter","raymond.mcwhorter@sakilacustomer.org",339,TRUE,2006-02-14,2013-05-26 14:49:45,1
"336",335,1,"Gregory","Mauldin","gregory.mauldin@sakilacustomer.org",340,TRUE,2006-02-14,2013-05-26 14:49:45,1
"337",336,1,"Joshua","Mark","joshua.mark@sakilacustomer.org",341,TRUE,2006-02-14,2013-05-26 14:49:45,1
"338",337,1,"Jerry","Jordon","jerry.jordon@sakilacustomer.org",342,TRUE,2006-02-14,2013-05-26 14:49:45,1
"339",338,1,"Dennis","Gilman","dennis.gilman@sakilacustomer.org",343,TRUE,2006-02-14,2013-05-26 14:49:45,1
"340",339,2,"Walter","Perryman","walter.perryman@sakilacustomer.org",344,TRUE,2006-02-14,2013-05-26 14:49:45,1
"341",340,1,"Patrick","Newsom","patrick.newsom@sakilacustomer.org",345,TRUE,2006-02-14,2013-05-26 14:49:45,1
"342",341,1,"Peter","Menard","peter.menard@sakilacustomer.org",346,TRUE,2006-02-14,2013-05-26 14:49:45,1
"343",342,1,"Harold","Martino","harold.martino@sakilacustomer.org",347,TRUE,2006-02-14,2013-05-26 14:49:45,1
"344",343,1,"Douglas","Graf","douglas.graf@sakilacustomer.org",348,TRUE,2006-02-14,2013-05-26 14:49:45,1
"345",344,1,"Henry","Billingsley","henry.billingsley@sakilacustomer.org",349,TRUE,2006-02-14,2013-05-26 14:49:45,1
"346",345,1,"Carl","Artis","carl.artis@sakilacustomer.org",350,TRUE,2006-02-14,2013-05-26 14:49:45,1
"347",346,1,"Arthur","Simpkins","arthur.simpkins@sakilacustomer.org",351,TRUE,2006-02-14,2013-05-26 14:49:45,1
"348",347,2,"Ryan","Salisbury","ryan.salisbury@sakilacustomer.org",352,TRUE,2006-02-14,2013-05-26 14:49:45,1
"349",348,2,"Roger","Quintanilla","roger.quintanilla@sakilacustomer.org",353,TRUE,2006-02-14,2013-05-26 14:49:45,1
"350",349,2,"Joe","Gilliland","joe.gilliland@sakilacustomer.org",354,TRUE,2006-02-14,2013-05-26 14:49:45,1
"351",350,1,"Juan","Fraley","juan.fraley@sakilacustomer.org",355,TRUE,2006-02-14,2013-05-26 14:49:45,1
"352",351,1,"Jack","Foust","jack.foust@sakilacustomer.org",356,TRUE,2006-02-14,2013-05-26 14:49:45,1
"353",352,1,"Albert","Crouse","albert.crouse@sakilacustomer.org",357,TRUE,2006-02-14,2013-05-26 14:49:45,1
"354",353,1,"Jonathan","Scarborough","jonathan.scarborough@sakilacustomer.org",358,TRUE,2006-02-14,2013-05-26 14:49:45,1
"355",354,2,"Justin","Ngo","justin.ngo@sakilacustomer.org",359,TRUE,2006-02-14,2013-05-26 14:49:45,1
"356",355,2,"Terry","Grissom","terry.grissom@sakilacustomer.org",360,TRUE,2006-02-14,2013-05-26 14:49:45,1
"357",356,2,"Gerald","Fultz","gerald.fultz@sakilacustomer.org",361,TRUE,2006-02-14,2013-05-26 14:49:45,1
"358",357,1,"Keith","Rico","keith.rico@sakilacustomer.org",362,TRUE,2006-02-14,2013-05-26 14:49:45,1
"359",358,2,"Samuel","Marlow","samuel.marlow@sakilacustomer.org",363,TRUE,2006-02-14,2013-05-26 14:49:45,1
"360",359,2,"Willie","Markham","willie.markham@sakilacustomer.org",364,TRUE,2006-02-14,2013-05-26 14:49:45,1
"361",360,2,"Ralph","Madrigal","ralph.madrigal@sakilacustomer.org",365,TRUE,2006-02-14,2013-05-26 14:49:45,1
"362",361,2,"Lawrence","Lawton","lawrence.lawton@sakilacustomer.org",366,TRUE,2006-02-14,2013-05-26 14:49:45,1
"363",362,1,"Nicholas","Barfield","nicholas.barfield@sakilacustomer.org",367,TRUE,2006-02-14,2013-05-26 14:49:45,1
"364",363,2,"Roy","Whiting","roy.whiting@sakilacustomer.org",368,TRUE,2006-02-14,2013-05-26 14:49:45,1
"365",364,1,"Benjamin","Varney","benjamin.varney@sakilacustomer.org",369,TRUE,2006-02-14,2013-05-26 14:49:45,1
"366",365,2,"Bruce","Schwarz","bruce.schwarz@sakilacustomer.org",370,TRUE,2006-02-14,2013-05-26 14:49:45,1
"367",366,1,"Brandon","Huey","brandon.huey@sakilacustomer.org",371,TRUE,2006-02-14,2013-05-26 14:49:45,1
"368",367,1,"Adam","Gooch","adam.gooch@sakilacustomer.org",372,TRUE,2006-02-14,2013-05-26 14:49:45,1
"369",368,1,"Harry","Arce","harry.arce@sakilacustomer.org",373,TRUE,2006-02-14,2013-05-26 14:49:45,0
"370",369,2,"Fred","Wheat","fred.wheat@sakilacustomer.org",374,TRUE,2006-02-14,2013-05-26 14:49:45,1
"371",370,2,"Wayne","Truong","wayne.truong@sakilacustomer.org",375,TRUE,2006-02-14,2013-05-26 14:49:45,1
"372",371,1,"Billy","Poulin","billy.poulin@sakilacustomer.org",376,TRUE,2006-02-14,2013-05-26 14:49:45,1
"373",372,2,"Steve","Mackenzie","steve.mackenzie@sakilacustomer.org",377,TRUE,2006-02-14,2013-05-26 14:49:45,1
"374",373,1,"Louis","Leone","louis.leone@sakilacustomer.org",378,TRUE,2006-02-14,2013-05-26 14:49:45,1
"375",374,2,"Jeremy","Hurtado","jeremy.hurtado@sakilacustomer.org",379,TRUE,2006-02-14,2013-05-26 14:49:45,1
"376",375,2,"Aaron","Selby","aaron.selby@sakilacustomer.org",380,TRUE,2006-02-14,2013-05-26 14:49:45,1
"377",376,1,"Randy","Gaither","randy.gaither@sakilacustomer.org",381,TRUE,2006-02-14,2013-05-26 14:49:45,1
"378",377,1,"Howard","Fortner","howard.fortner@sakilacustomer.org",382,TRUE,2006-02-14,2013-05-26 14:49:45,1
"379",378,1,"Eugene","Culpepper","eugene.culpepper@sakilacustomer.org",383,TRUE,2006-02-14,2013-05-26 14:49:45,1
"380",379,1,"Carlos","Coughlin","carlos.coughlin@sakilacustomer.org",384,TRUE,2006-02-14,2013-05-26 14:49:45,1
"381",380,1,"Russell","Brinson","russell.brinson@sakilacustomer.org",385,TRUE,2006-02-14,2013-05-26 14:49:45,1
"382",381,2,"Bobby","Boudreau","bobby.boudreau@sakilacustomer.org",386,TRUE,2006-02-14,2013-05-26 14:49:45,1
"383",382,2,"Victor","Barkley","victor.barkley@sakilacustomer.org",387,TRUE,2006-02-14,2013-05-26 14:49:45,1
"384",383,1,"Martin","Bales","martin.bales@sakilacustomer.org",388,TRUE,2006-02-14,2013-05-26 14:49:45,1
"385",384,2,"Ernest","Stepp","ernest.stepp@sakilacustomer.org",389,TRUE,2006-02-14,2013-05-26 14:49:45,1
"386",385,1,"Phillip","Holm","phillip.holm@sakilacustomer.org",390,TRUE,2006-02-14,2013-05-26 14:49:45,1
"387",386,1,"Todd","Tan","todd.tan@sakilacustomer.org",391,TRUE,2006-02-14,2013-05-26 14:49:45,1
"388",387,2,"Jesse","Schilling","jesse.schilling@sakilacustomer.org",392,TRUE,2006-02-14,2013-05-26 14:49:45,1
"389",388,2,"Craig","Morrell","craig.morrell@sakilacustomer.org",393,TRUE,2006-02-14,2013-05-26 14:49:45,1
"390",389,1,"Alan","Kahn","alan.kahn@sakilacustomer.org",394,TRUE,2006-02-14,2013-05-26 14:49:45,1
"391",390,1,"Shawn","Heaton","shawn.heaton@sakilacustomer.org",395,TRUE,2006-02-14,2013-05-26 14:49:45,1
"392",391,1,"Clarence","Gamez","clarence.gamez@sakilacustomer.org",396,TRUE,2006-02-14,2013-05-26 14:49:45,1
"393",392,2,"Sean","Douglass","sean.douglass@sakilacustomer.org",397,TRUE,2006-02-14,2013-05-26 14:49:45,1
"394",393,1,"Philip","Causey","philip.causey@sakilacustomer.org",398,TRUE,2006-02-14,2013-05-26 14:49:45,1
"395",394,2,"Chris","Brothers","chris.brothers@sakilacustomer.org",399,TRUE,2006-02-14,2013-05-26 14:49:45,1
"396",395,2,"Johnny","Turpin","johnny.turpin@sakilacustomer.org",400,TRUE,2006-02-14,2013-05-26 14:49:45,1
"397",396,1,"Earl","Shanks","earl.shanks@sakilacustomer.org",401,TRUE,2006-02-14,2013-05-26 14:49:45,1
"398",397,1,"Jimmy","Schrader","jimmy.schrader@sakilacustomer.org",402,TRUE,2006-02-14,2013-05-26 14:49:45,1
"399",398,1,"Antonio","Meek","antonio.meek@sakilacustomer.org",403,TRUE,2006-02-14,2013-05-26 14:49:45,1
"400",399,1,"Danny","Isom","danny.isom@sakilacustomer.org",404,TRUE,2006-02-14,2013-05-26 14:49:45,1
"401",400,2,"Bryan","Hardison","bryan.hardison@sakilacustomer.org",405,TRUE,2006-02-14,2013-05-26 14:49:45,1
"402",401,2,"Tony","Carranza","tony.carranza@sakilacustomer.org",406,TRUE,2006-02-14,2013-05-26 14:49:45,1
"403",402,1,"Luis","Yanez","luis.yanez@sakilacustomer.org",407,TRUE,2006-02-14,2013-05-26 14:49:45,1
"404",403,1,"Mike","Way","mike.way@sakilacustomer.org",408,TRUE,2006-02-14,2013-05-26 14:49:45,1
"405",404,2,"Stanley","Scroggins","stanley.scroggins@sakilacustomer.org",409,TRUE,2006-02-14,2013-05-26 14:49:45,1
"406",405,1,"Leonard","Schofield","leonard.schofield@sakilacustomer.org",410,TRUE,2006-02-14,2013-05-26 14:49:45,1
"407",406,1,"Nathan","Runyon","nathan.runyon@sakilacustomer.org",411,TRUE,2006-02-14,2013-05-26 14:49:45,0
"408",407,1,"Dale","Ratcliff","dale.ratcliff@sakilacustomer.org",412,TRUE,2006-02-14,2013-05-26 14:49:45,1
"409",408,1,"Manuel","Murrell","manuel.murrell@sakilacustomer.org",413,TRUE,2006-02-14,2013-05-26 14:49:45,1
"410",409,2,"Rodney","Moeller","rodney.moeller@sakilacustomer.org",414,TRUE,2006-02-14,2013-05-26 14:49:45,1
"411",410,2,"Curtis","Irby","curtis.irby@sakilacustomer.org",415,TRUE,2006-02-14,2013-05-26 14:49:45,1
"412",411,1,"Norman","Currier","norman.currier@sakilacustomer.org",416,TRUE,2006-02-14,2013-05-26 14:49:45,1
"413",412,2,"Allen","Butterfield","allen.butterfield@sakilacustomer.org",417,TRUE,2006-02-14,2013-05-26 14:49:45,1
"414",413,2,"Marvin","Yee","marvin.yee@sakilacustomer.org",418,TRUE,2006-02-14,2013-05-26 14:49:45,1
"415",414,1,"Vincent","Ralston","vincent.ralston@sakilacustomer.org",419,TRUE,2006-02-14,2013-05-26 14:49:45,1
"416",415,1,"Glenn","Pullen","glenn.pullen@sakilacustomer.org",420,TRUE,2006-02-14,2013-05-26 14:49:45,1
"417",416,2,"Jeffery","Pinson","jeffery.pinson@sakilacustomer.org",421,TRUE,2006-02-14,2013-05-26 14:49:45,1
"418",417,1,"Travis","Estep","travis.estep@sakilacustomer.org",422,TRUE,2006-02-14,2013-05-26 14:49:45,1
"419",418,2,"Jeff","East","jeff.east@sakilacustomer.org",423,TRUE,2006-02-14,2013-05-26 14:49:45,1
"420",419,1,"Chad","Carbone","chad.carbone@sakilacustomer.org",424,TRUE,2006-02-14,2013-05-26 14:49:45,1
"421",420,1,"Jacob","Lance","jacob.lance@sakilacustomer.org",425,TRUE,2006-02-14,2013-05-26 14:49:45,1
"422",421,1,"Lee","Hawks","lee.hawks@sakilacustomer.org",426,TRUE,2006-02-14,2013-05-26 14:49:45,1
"423",422,1,"Melvin","Ellington","melvin.ellington@sakilacustomer.org",427,TRUE,2006-02-14,2013-05-26 14:49:45,1
"424",423,2,"Alfred","Casillas","alfred.casillas@sakilacustomer.org",428,TRUE,2006-02-14,2013-05-26 14:49:45,1
"425",424,2,"Kyle","Spurlock","kyle.spurlock@sakilacustomer.org",429,TRUE,2006-02-14,2013-05-26 14:49:45,1
"426",425,2,"Francis","Sikes","francis.sikes@sakilacustomer.org",430,TRUE,2006-02-14,2013-05-26 14:49:45,1
"427",426,1,"Bradley","Motley","bradley.motley@sakilacustomer.org",431,TRUE,2006-02-14,2013-05-26 14:49:45,1
"428",427,2,"Jesus","Mccartney","jesus.mccartney@sakilacustomer.org",432,TRUE,2006-02-14,2013-05-26 14:49:45,1
"429",428,2,"Herbert","Kruger","herbert.kruger@sakilacustomer.org",433,TRUE,2006-02-14,2013-05-26 14:49:45,1
"430",429,2,"Frederick","Isbell","frederick.isbell@sakilacustomer.org",434,TRUE,2006-02-14,2013-05-26 14:49:45,1
"431",430,1,"Ray","Houle","ray.houle@sakilacustomer.org",435,TRUE,2006-02-14,2013-05-26 14:49:45,1
"432",431,2,"Joel","Francisco","joel.francisco@sakilacustomer.org",436,TRUE,2006-02-14,2013-05-26 14:49:45,1
"433",432,1,"Edwin","Burk","edwin.burk@sakilacustomer.org",437,TRUE,2006-02-14,2013-05-26 14:49:45,1
"434",433,1,"Don","Bone","don.bone@sakilacustomer.org",438,TRUE,2006-02-14,2013-05-26 14:49:45,1
"435",434,1,"Eddie","Tomlin","eddie.tomlin@sakilacustomer.org",439,TRUE,2006-02-14,2013-05-26 14:49:45,1
"436",435,2,"Ricky","Shelby","ricky.shelby@sakilacustomer.org",440,TRUE,2006-02-14,2013-05-26 14:49:45,1
"437",436,1,"Troy","Quigley","troy.quigley@sakilacustomer.org",441,TRUE,2006-02-14,2013-05-26 14:49:45,1
"438",437,2,"Randall","Neumann","randall.neumann@sakilacustomer.org",442,TRUE,2006-02-14,2013-05-26 14:49:45,1
"439",438,1,"Barry","Lovelace","barry.lovelace@sakilacustomer.org",443,TRUE,2006-02-14,2013-05-26 14:49:45,1
"440",439,2,"Alexander","Fennell","alexander.fennell@sakilacustomer.org",444,TRUE,2006-02-14,2013-05-26 14:49:45,1
"441",440,1,"Bernard","Colby","bernard.colby@sakilacustomer.org",445,TRUE,2006-02-14,2013-05-26 14:49:45,1
"442",441,1,"Mario","Cheatham","mario.cheatham@sakilacustomer.org",446,TRUE,2006-02-14,2013-05-26 14:49:45,1
"443",442,1,"Leroy","Bustamante","leroy.bustamante@sakilacustomer.org",447,TRUE,2006-02-14,2013-05-26 14:49:45,1
"444",443,2,"Francisco","Skidmore","francisco.skidmore@sakilacustomer.org",448,TRUE,2006-02-14,2013-05-26 14:49:45,1
"445",444,2,"Marcus","Hidalgo","marcus.hidalgo@sakilacustomer.org",449,TRUE,2006-02-14,2013-05-26 14:49:45,1
"446",445,1,"Micheal","Forman","micheal.forman@sakilacustomer.org",450,TRUE,2006-02-14,2013-05-26 14:49:45,1
"447",446,2,"Theodore","Culp","theodore.culp@sakilacustomer.org",451,TRUE,2006-02-14,2013-05-26 14:49:45,0
"448",447,1,"Clifford","Bowens","clifford.bowens@sakilacustomer.org",452,TRUE,2006-02-14,2013-05-26 14:49:45,1
"449",448,1,"Miguel","Betancourt","miguel.betancourt@sakilacustomer.org",453,TRUE,2006-02-14,2013-05-26 14:49:45,1
"450",449,2,"Oscar","Aquino","oscar.aquino@sakilacustomer.org",454,TRUE,2006-02-14,2013-05-26 14:49:45,1
"451",450,1,"Jay","Robb","jay.robb@sakilacustomer.org",455,TRUE,2006-02-14,2013-05-26 14:49:45,1
"452",451,1,"Jim","Rea","jim.rea@sakilacustomer.org",456,TRUE,2006-02-14,2013-05-26 14:49:45,1
"453",452,1,"Tom","Milner","tom.milner@sakilacustomer.org",457,TRUE,2006-02-14,2013-05-26 14:49:45,1
"454",453,1,"Calvin","Martel","calvin.martel@sakilacustomer.org",458,TRUE,2006-02-14,2013-05-26 14:49:45,1
"455",454,2,"Alex","Gresham","alex.gresham@sakilacustomer.org",459,TRUE,2006-02-14,2013-05-26 14:49:45,1
"456",455,2,"Jon","Wiles","jon.wiles@sakilacustomer.org",460,TRUE,2006-02-14,2013-05-26 14:49:45,1
"457",456,2,"Ronnie","Ricketts","ronnie.ricketts@sakilacustomer.org",461,TRUE,2006-02-14,2013-05-26 14:49:45,1
"458",457,2,"Bill","Gavin","bill.gavin@sakilacustomer.org",462,TRUE,2006-02-14,2013-05-26 14:49:45,1
"459",458,1,"Lloyd","Dowd","lloyd.dowd@sakilacustomer.org",463,TRUE,2006-02-14,2013-05-26 14:49:45,1
"460",459,1,"Tommy","Collazo","tommy.collazo@sakilacustomer.org",464,TRUE,2006-02-14,2013-05-26 14:49:45,1
"461",460,1,"Leon","Bostic","leon.bostic@sakilacustomer.org",465,TRUE,2006-02-14,2013-05-26 14:49:45,1
"462",461,1,"Derek","Blakely","derek.blakely@sakilacustomer.org",466,TRUE,2006-02-14,2013-05-26 14:49:45,1
"463",462,2,"Warren","Sherrod","warren.sherrod@sakilacustomer.org",467,TRUE,2006-02-14,2013-05-26 14:49:45,1
"464",463,2,"Darrell","Power","darrell.power@sakilacustomer.org",468,TRUE,2006-02-14,2013-05-26 14:49:45,1
"465",464,1,"Jerome","Kenyon","jerome.kenyon@sakilacustomer.org",469,TRUE,2006-02-14,2013-05-26 14:49:45,1
"466",465,1,"Floyd","Gandy","floyd.gandy@sakilacustomer.org",470,TRUE,2006-02-14,2013-05-26 14:49:45,1
"467",466,1,"Leo","Ebert","leo.ebert@sakilacustomer.org",471,TRUE,2006-02-14,2013-05-26 14:49:45,1
"468",467,2,"Alvin","Deloach","alvin.deloach@sakilacustomer.org",472,TRUE,2006-02-14,2013-05-26 14:49:45,1
"469",468,1,"Tim","Cary","tim.cary@sakilacustomer.org",473,TRUE,2006-02-14,2013-05-26 14:49:45,1
"470",469,2,"Wesley","Bull","wesley.bull@sakilacustomer.org",474,TRUE,2006-02-14,2013-05-26 14:49:45,1
"471",470,1,"Gordon","Allard","gordon.allard@sakilacustomer.org",475,TRUE,2006-02-14,2013-05-26 14:49:45,1
"472",471,1,"Dean","Sauer","dean.sauer@sakilacustomer.org",476,TRUE,2006-02-14,2013-05-26 14:49:45,1
"473",472,1,"Greg","Robins","greg.robins@sakilacustomer.org",477,TRUE,2006-02-14,2013-05-26 14:49:45,1
"474",473,2,"Jorge","Olivares","jorge.olivares@sakilacustomer.org",478,TRUE,2006-02-14,2013-05-26 14:49:45,1
"475",474,2,"Dustin","Gillette","dustin.gillette@sakilacustomer.org",479,TRUE,2006-02-14,2013-05-26 14:49:45,1
"476",475,2,"Pedro","Chestnut","pedro.chestnut@sakilacustomer.org",480,TRUE,2006-02-14,2013-05-26 14:49:45,1
"477",476,1,"Derrick","Bourque","derrick.bourque@sakilacustomer.org",481,TRUE,2006-02-14,2013-05-26 14:49:45,1
"478",477,1,"Dan","Paine","dan.paine@sakilacustomer.org",482,TRUE,2006-02-14,2013-05-26 14:49:45,1
"479",478,1,"Lewis","Lyman","lewis.lyman@sakilacustomer.org",483,TRUE,2006-02-14,2013-05-26 14:49:45,1
"480",479,1,"Zachary","Hite","zachary.hite@sakilacustomer.org",484,TRUE,2006-02-14,2013-05-26 14:49:45,1
"481",480,1,"Corey","Hauser","corey.hauser@sakilacustomer.org",485,TRUE,2006-02-14,2013-05-26 14:49:45,1
"482",481,1,"Herman","Devore","herman.devore@sakilacustomer.org",486,TRUE,2006-02-14,2013-05-26 14:49:45,1
"483",482,1,"Maurice","Crawley","maurice.crawley@sakilacustomer.org",487,TRUE,2006-02-14,2013-05-26 14:49:45,0
"484",483,2,"Vernon","Chapa","vernon.chapa@sakilacustomer.org",488,TRUE,2006-02-14,2013-05-26 14:49:45,1
"485",484,1,"Roberto","Vu","roberto.vu@sakilacustomer.org",489,TRUE,2006-02-14,2013-05-26 14:49:45,1
"486",485,1,"Clyde","Tobias","clyde.tobias@sakilacustomer.org",490,TRUE,2006-02-14,2013-05-26 14:49:45,1
"487",486,1,"Glen","Talbert","glen.talbert@sakilacustomer.org",491,TRUE,2006-02-14,2013-05-26 14:49:45,1
"488",487,2,"Hector","Poindexter","hector.poindexter@sakilacustomer.org",492,TRUE,2006-02-14,2013-05-26 14:49:45,1
"489",488,2,"Shane","Millard","shane.millard@sakilacustomer.org",493,TRUE,2006-02-14,2013-05-26 14:49:45,1
"490",489,1,"Ricardo","Meador","ricardo.meador@sakilacustomer.org",494,TRUE,2006-02-14,2013-05-26 14:49:45,1
"491",490,1,"Sam","Mcduffie","sam.mcduffie@sakilacustomer.org",495,TRUE,2006-02-14,2013-05-26 14:49:45,1
"492",491,2,"Rick","Mattox","rick.mattox@sakilacustomer.org",496,TRUE,2006-02-14,2013-05-26 14:49:45,1
"493",492,2,"Lester","Kraus","lester.kraus@sakilacustomer.org",497,TRUE,2006-02-14,2013-05-26 14:49:45,1
"494",493,1,"Brent","Harkins","brent.harkins@sakilacustomer.org",498,TRUE,2006-02-14,2013-05-26 14:49:45,1
"495",494,2,"Ramon","Choate","ramon.choate@sakilacustomer.org",499,TRUE,2006-02-14,2013-05-26 14:49:45,1
"496",495,2,"Charlie","Bess","charlie.bess@sakilacustomer.org",500,TRUE,2006-02-14,2013-05-26 14:49:45,1
"497",496,2,"Tyler","Wren","tyler.wren@sakilacustomer.org",501,TRUE,2006-02-14,2013-05-26 14:49:45,1
"498",497,2,"Gilbert","Sledge","gilbert.sledge@sakilacustomer.org",502,TRUE,2006-02-14,2013-05-26 14:49:45,1
"499",498,1,"Gene","Sanborn","gene.sanborn@sakilacustomer.org",503,TRUE,2006-02-14,2013-05-26 14:49:45,1
"500",499,2,"Marc","Outlaw","marc.outlaw@sakilacustomer.org",504,TRUE,2006-02-14,2013-05-26 14:49:45,1
"501",500,1,"Reginald","Kinder","reginald.kinder@sakilacustomer.org",505,TRUE,2006-02-14,2013-05-26 14:49:45,1
"502",501,1,"Ruben","Geary","ruben.geary@sakilacustomer.org",506,TRUE,2006-02-14,2013-05-26 14:49:45,1
"503",502,1,"Brett","Cornwell","brett.cornwell@sakilacustomer.org",507,TRUE,2006-02-14,2013-05-26 14:49:45,1
"504",503,1,"Angel","Barclay","angel.barclay@sakilacustomer.org",508,TRUE,2006-02-14,2013-05-26 14:49:45,1
"505",504,1,"Nathaniel","Adam","nathaniel.adam@sakilacustomer.org",509,TRUE,2006-02-14,2013-05-26 14:49:45,1
"506",505,1,"Rafael","Abney","rafael.abney@sakilacustomer.org",510,TRUE,2006-02-14,2013-05-26 14:49:45,1
"507",506,2,"Leslie","Seward","leslie.seward@sakilacustomer.org",511,TRUE,2006-02-14,2013-05-26 14:49:45,1
"508",507,2,"Edgar","Rhoads","edgar.rhoads@sakilacustomer.org",512,TRUE,2006-02-14,2013-05-26 14:49:45,1
"509",508,2,"Milton","Howland","milton.howland@sakilacustomer.org",513,TRUE,2006-02-14,2013-05-26 14:49:45,1
"510",509,1,"Raul","Fortier","raul.fortier@sakilacustomer.org",514,TRUE,2006-02-14,2013-05-26 14:49:45,1
"511",510,2,"Ben","Easter","ben.easter@sakilacustomer.org",515,TRUE,2006-02-14,2013-05-26 14:49:45,0
"512",511,1,"Chester","Benner","chester.benner@sakilacustomer.org",516,TRUE,2006-02-14,2013-05-26 14:49:45,1
"513",512,1,"Cecil","Vines","cecil.vines@sakilacustomer.org",517,TRUE,2006-02-14,2013-05-26 14:49:45,1
"514",513,2,"Duane","Tubbs","duane.tubbs@sakilacustomer.org",519,TRUE,2006-02-14,2013-05-26 14:49:45,1
"515",514,2,"Franklin","Troutman","franklin.troutman@sakilacustomer.org",520,TRUE,2006-02-14,2013-05-26 14:49:45,1
"516",515,1,"Andre","Rapp","andre.rapp@sakilacustomer.org",521,TRUE,2006-02-14,2013-05-26 14:49:45,1
"517",516,2,"Elmer","Noe","elmer.noe@sakilacustomer.org",522,TRUE,2006-02-14,2013-05-26 14:49:45,1
"518",517,2,"Brad","Mccurdy","brad.mccurdy@sakilacustomer.org",523,TRUE,2006-02-14,2013-05-26 14:49:45,1
"519",518,1,"Gabriel","Harder","gabriel.harder@sakilacustomer.org",524,TRUE,2006-02-14,2013-05-26 14:49:45,1
"520",519,2,"Ron","Deluca","ron.deluca@sakilacustomer.org",525,TRUE,2006-02-14,2013-05-26 14:49:45,1
"521",520,2,"Mitchell","Westmoreland","mitchell.westmoreland@sakilacustomer.org",526,TRUE,2006-02-14,2013-05-26 14:49:45,1
"522",521,2,"Roland","South","roland.south@sakilacustomer.org",527,TRUE,2006-02-14,2013-05-26 14:49:45,1
"523",522,2,"Arnold","Havens","arnold.havens@sakilacustomer.org",528,TRUE,2006-02-14,2013-05-26 14:49:45,1
"524",523,1,"Harvey","Guajardo","harvey.guajardo@sakilacustomer.org",529,TRUE,2006-02-14,2013-05-26 14:49:45,1
"525",525,2,"Adrian","Clary","adrian.clary@sakilacustomer.org",531,TRUE,2006-02-14,2013-05-26 14:49:45,1
"526",526,2,"Karl","Seal","karl.seal@sakilacustomer.org",532,TRUE,2006-02-14,2013-05-26 14:49:45,1
"527",527,1,"Cory","Meehan","cory.meehan@sakilacustomer.org",533,TRUE,2006-02-14,2013-05-26 14:49:45,1
"528",528,1,"Claude","Herzog","claude.herzog@sakilacustomer.org",534,TRUE,2006-02-14,2013-05-26 14:49:45,1
"529",529,2,"Erik","Guillen","erik.guillen@sakilacustomer.org",535,TRUE,2006-02-14,2013-05-26 14:49:45,1
"530",530,2,"Darryl","Ashcraft","darryl.ashcraft@sakilacustomer.org",536,TRUE,2006-02-14,2013-05-26 14:49:45,1
"531",531,2,"Jamie","Waugh","jamie.waugh@sakilacustomer.org",537,TRUE,2006-02-14,2013-05-26 14:49:45,1
"532",532,2,"Neil","Renner","neil.renner@sakilacustomer.org",538,TRUE,2006-02-14,2013-05-26 14:49:45,1
"533",533,1,"Jessie","Milam","jessie.milam@sakilacustomer.org",539,TRUE,2006-02-14,2013-05-26 14:49:45,1
"534",534,1,"Christian","Jung","christian.jung@sakilacustomer.org",540,TRUE,2006-02-14,2013-05-26 14:49:45,0
"535",535,1,"Javier","Elrod","javier.elrod@sakilacustomer.org",541,TRUE,2006-02-14,2013-05-26 14:49:45,1
"536",536,2,"Fernando","Churchill","fernando.churchill@sakilacustomer.org",542,TRUE,2006-02-14,2013-05-26 14:49:45,1
"537",537,2,"Clinton","Buford","clinton.buford@sakilacustomer.org",543,TRUE,2006-02-14,2013-05-26 14:49:45,1
"538",538,2,"Ted","Breaux","ted.breaux@sakilacustomer.org",544,TRUE,2006-02-14,2013-05-26 14:49:45,1
"539",539,1,"Mathew","Bolin","mathew.bolin@sakilacustomer.org",545,TRUE,2006-02-14,2013-05-26 14:49:45,1
"540",540,1,"Tyrone","Asher","tyrone.asher@sakilacustomer.org",546,TRUE,2006-02-14,2013-05-26 14:49:45,1
"541",541,2,"Darren","Windham","darren.windham@sakilacustomer.org",547,TRUE,2006-02-14,2013-05-26 14:49:45,1
"542",542,2,"Lonnie","Tirado","lonnie.tirado@sakilacustomer.org",548,TRUE,2006-02-14,2013-05-26 14:49:45,1
"543",543,1,"Lance","Pemberton","lance.pemberton@sakilacustomer.org",549,TRUE,2006-02-14,2013-05-26 14:49:45,1
"544",544,2,"Cody","Nolen","cody.nolen@sakilacustomer.org",550,TRUE,2006-02-14,2013-05-26 14:49:45,1
"545",545,2,"Julio","Noland","julio.noland@sakilacustomer.org",551,TRUE,2006-02-14,2013-05-26 14:49:45,1
"546",546,1,"Kelly","Knott","kelly.knott@sakilacustomer.org",552,TRUE,2006-02-14,2013-05-26 14:49:45,1
"547",547,1,"Kurt","Emmons","kurt.emmons@sakilacustomer.org",553,TRUE,2006-02-14,2013-05-26 14:49:45,1
"548",548,1,"Allan","Cornish","allan.cornish@sakilacustomer.org",554,TRUE,2006-02-14,2013-05-26 14:49:45,1
"549",549,1,"Nelson","Christenson","nelson.christenson@sakilacustomer.org",555,TRUE,2006-02-14,2013-05-26 14:49:45,1
"550",550,2,"Guy","Brownlee","guy.brownlee@sakilacustomer.org",556,TRUE,2006-02-14,2013-05-26 14:49:45,1
"551",551,2,"Clayton","Barbee","clayton.barbee@sakilacustomer.org",557,TRUE,2006-02-14,2013-05-26 14:49:45,1
"552",552,2,"Hugh","Waldrop","hugh.waldrop@sakilacustomer.org",558,TRUE,2006-02-14,2013-05-26 14:49:45,1
"553",553,1,"Max","Pitt","max.pitt@sakilacustomer.org",559,TRUE,2006-02-14,2013-05-26 14:49:45,1
"554",554,1,"Dwayne","Olvera","dwayne.olvera@sakilacustomer.org",560,TRUE,2006-02-14,2013-05-26 14:49:45,1
"555",555,1,"Dwight","Lombardi","dwight.lombardi@sakilacustomer.org",561,TRUE,2006-02-14,2013-05-26 14:49:45,1
"556",556,2,"Armando","Gruber","armando.gruber@sakilacustomer.org",562,TRUE,2006-02-14,2013-05-26 14:49:45,1
"557",557,1,"Felix","Gaffney","felix.gaffney@sakilacustomer.org",563,TRUE,2006-02-14,2013-05-26 14:49:45,1
"558",558,1,"Jimmie","Eggleston","jimmie.eggleston@sakilacustomer.org",564,TRUE,2006-02-14,2013-05-26 14:49:45,0
"559",559,2,"Everett","Banda","everett.banda@sakilacustomer.org",565,TRUE,2006-02-14,2013-05-26 14:49:45,1
"560",560,1,"Jordan","Archuleta","jordan.archuleta@sakilacustomer.org",566,TRUE,2006-02-14,2013-05-26 14:49:45,1
"561",561,2,"Ian","Still","ian.still@sakilacustomer.org",567,TRUE,2006-02-14,2013-05-26 14:49:45,1
"562",562,1,"Wallace","Slone","wallace.slone@sakilacustomer.org",568,TRUE,2006-02-14,2013-05-26 14:49:45,1
"563",563,2,"Ken","Prewitt","ken.prewitt@sakilacustomer.org",569,TRUE,2006-02-14,2013-05-26 14:49:45,1
"564",564,2,"Bob","Pfeiffer","bob.pfeiffer@sakilacustomer.org",570,TRUE,2006-02-14,2013-05-26 14:49:45,1
"565",565,2,"Jaime","Nettles","jaime.nettles@sakilacustomer.org",571,TRUE,2006-02-14,2013-05-26 14:49:45,1
"566",566,1,"Casey","Mena","casey.mena@sakilacustomer.org",572,TRUE,2006-02-14,2013-05-26 14:49:45,1
"567",567,2,"Alfredo","Mcadams","alfredo.mcadams@sakilacustomer.org",573,TRUE,2006-02-14,2013-05-26 14:49:45,1
"568",568,2,"Alberto","Henning","alberto.henning@sakilacustomer.org",574,TRUE,2006-02-14,2013-05-26 14:49:45,1
"569",569,2,"Dave","Gardiner","dave.gardiner@sakilacustomer.org",575,TRUE,2006-02-14,2013-05-26 14:49:45,1
"570",570,2,"Ivan","Cromwell","ivan.cromwell@sakilacustomer.org",576,TRUE,2006-02-14,2013-05-26 14:49:45,1
"571",571,2,"Johnnie","Chisholm","johnnie.chisholm@sakilacustomer.org",577,TRUE,2006-02-14,2013-05-26 14:49:45,1
"572",572,1,"Sidney","Burleson","sidney.burleson@sakilacustomer.org",578,TRUE,2006-02-14,2013-05-26 14:49:45,1
"573",573,1,"Byron","Box","byron.box@sakilacustomer.org",579,TRUE,2006-02-14,2013-05-26 14:49:45,1
"574",574,2,"Julian","Vest","julian.vest@sakilacustomer.org",580,TRUE,2006-02-14,2013-05-26 14:49:45,1
"575",575,2,"Isaac","Oglesby","isaac.oglesby@sakilacustomer.org",581,TRUE,2006-02-14,2013-05-26 14:49:45,1
"576",576,2,"Morris","Mccarter","morris.mccarter@sakilacustomer.org",582,TRUE,2006-02-14,2013-05-26 14:49:45,1
"577",577,2,"Clifton","Malcolm","clifton.malcolm@sakilacustomer.org",583,TRUE,2006-02-14,2013-05-26 14:49:45,1
"578",578,2,"Willard","Lumpkin","willard.lumpkin@sakilacustomer.org",584,TRUE,2006-02-14,2013-05-26 14:49:45,1
"579",579,2,"Daryl","Larue","daryl.larue@sakilacustomer.org",585,TRUE,2006-02-14,2013-05-26 14:49:45,1
"580",580,1,"Ross","Grey","ross.grey@sakilacustomer.org",586,TRUE,2006-02-14,2013-05-26 14:49:45,1
"581",581,1,"Virgil","Wofford","virgil.wofford@sakilacustomer.org",587,TRUE,2006-02-14,2013-05-26 14:49:45,1
"582",582,2,"Andy","Vanhorn","andy.vanhorn@sakilacustomer.org",588,TRUE,2006-02-14,2013-05-26 14:49:45,1
"583",583,1,"Marshall","Thorn","marshall.thorn@sakilacustomer.org",589,TRUE,2006-02-14,2013-05-26 14:49:45,1
"584",584,2,"Salvador","Teel","salvador.teel@sakilacustomer.org",590,TRUE,2006-02-14,2013-05-26 14:49:45,1
"585",585,1,"Perry","Swafford","perry.swafford@sakilacustomer.org",591,TRUE,2006-02-14,2013-05-26 14:49:45,1
"586",586,1,"Kirk","Stclair","kirk.stclair@sakilacustomer.org",592,TRUE,2006-02-14,2013-05-26 14:49:45,1
"587",587,1,"Sergio","Stanfield","sergio.stanfield@sakilacustomer.org",593,TRUE,2006-02-14,2013-05-26 14:49:45,1
"588",588,1,"Marion","Ocampo","marion.ocampo@sakilacustomer.org",594,TRUE,2006-02-14,2013-05-26 14:49:45,1
"589",589,1,"Tracy","Herrmann","tracy.herrmann@sakilacustomer.org",595,TRUE,2006-02-14,2013-05-26 14:49:45,1
"590",590,2,"Seth","Hannon","seth.hannon@sakilacustomer.org",596,TRUE,2006-02-14,2013-05-26 14:49:45,1
"591",591,1,"Kent","Arsenault","kent.arsenault@sakilacustomer.org",597,TRUE,2006-02-14,2013-05-26 14:49:45,1
"592",592,1,"Terrance","Roush","terrance.roush@sakilacustomer.org",598,TRUE,2006-02-14,2013-05-26 14:49:45,0
"593",593,2,"Rene","Mcalister","rene.mcalister@sakilacustomer.org",599,TRUE,2006-02-14,2013-05-26 14:49:45,1
"594",594,1,"Eduardo","Hiatt","eduardo.hiatt@sakilacustomer.org",600,TRUE,2006-02-14,2013-05-26 14:49:45,1
"595",595,1,"Terrence","Gunderson","terrence.gunderson@sakilacustomer.org",601,TRUE,2006-02-14,2013-05-26 14:49:45,1
"596",596,1,"Enrique","Forsythe","enrique.forsythe@sakilacustomer.org",602,TRUE,2006-02-14,2013-05-26 14:49:45,1
"597",597,1,"Freddie","Duggan","freddie.duggan@sakilacustomer.org",603,TRUE,2006-02-14,2013-05-26 14:49:45,1
"598",598,1,"Wade","Delvalle","wade.delvalle@sakilacustomer.org",604,TRUE,2006-02-14,2013-05-26 14:49:45,1
"599",599,2,"Austin","Cintron","austin.cintron@sakilacustomer.org",605,TRUE,2006-02-14,2013-05-26 14:49:45,1
